FFIEC CENSUS AND FFIEC ESTIMATED MSA/MD MEDIAN FAMILY INCOME FOR 2018 CRA/HMDA REPORTS;;;;;;
MSA/MD FIPS CODE NO. ;MSA/MD NAME;2015 MSA/MD MED* FAMILY INCOME;2018 FFIEC EST. MSA/MD MEDIAN FAMILY INCOME**;;;
10180;ABILENE, TX                                                                                                                     ;56448;63900;;;
10380;AGUADILLA-ISABELA, PR                                                                                                           ;18267;18900;;;
10420;AKRON, OH                                                                                                                       ;65716;73200;;;
10500;ALBANY, GA                                                                                                                      ;44715;53400;;;
10540;ALBANY, OR                                                                                                                      ;54713;59700;;;
10580;ALBANY-SCHENECTADY-TROY, NY                                                                                                     ;81103;86400;;;
10740;ALBUQUERQUE, NM                                                                                                                 ;60032;65000;;;
10780;ALEXANDRIA, LA                                                                                                                  ;50720;55400;;;
10900;ALLENTOWN-BETHLEHEM-EASTON, PA-NJ                                                                                               ;71539;76100;;;
11020;ALTOONA, PA                                                                                                                     ;57819;65100;;;
11100;AMARILLO, TX                                                                                                                    ;61673;66800;;;
11180;AMES, IA                                                                                                                        ;77539;79800;;;
11244;ANAHEIM-SANTA ANA-IRVINE, CA                                                                                                    ;86003;92700;;;
11260;ANCHORAGE, AK                                                                                                                   ;89267;97600;;;
11460;ANN ARBOR, MI                                                                                                                   ;87331;92900;;;
11500;ANNISTON-OXFORD-JACKSONVILLE, AL                                                                                                ;52300;56800;;;
11540;APPLETON, WI                                                                                                                    ;73709;77900;;;
11640;ARECIBO, PR                                                                                                                     ;20181;20100;;;
11700;ASHEVILLE, NC                                                                                                                   ;57243;62500;;;
12020;ATHENS-CLARKE COUNTY, GA                                                                                                        ;57116;58900;;;
12060;ATLANTA-SANDY SPRINGS-ROSWELL, GA                                                                                               ;67322;74400;;;
12100;ATLANTIC CITY-HAMMONTON, NJ                                                                                                     ;66523;71600;;;
12220;AUBURN-OPELIKA, AL                                                                                                              ;61141;66900;;;
12260;AUGUSTA-RICHMOND COUNTY, GA-SC                                                                                                  ;58059;62300;;;
12420;AUSTIN-ROUND ROCK, TX                                                                                                           ;78997;86000;;;
12540;BAKERSFIELD, CA                                                                                                                 ;52649;58700;;;
12580;BALTIMORE-COLUMBIA-TOWSON, MD                                                                                                   ;87788;94900;;;
12620;BANGOR, ME                                                                                                                      ;56891;62600;;;
12700;BARNSTABLE TOWN, MA                                                                                                             ;80751;86200;;;
12940;BATON ROUGE, LA                                                                                                                 ;66344;74500;;;
12980;BATTLE CREEK, MI                                                                                                                ;53315;54900;;;
13020;BAY CITY, MI                                                                                                                    ;57819;60400;;;
13140;BEAUMONT-PORT ARTHUR, TX                                                                                                        ;56953;64100;;;
13220;BECKLEY, WV                                                                                                                     ;47856;48700;;;
13380;BELLINGHAM, WA                                                                                                                  ;68376;77500;;;
13460;BEND-REDMOND, OR                                                                                                                ;62013;69600;;;
13740;BILLINGS, MT                                                                                                                    ;66980;71000;;;
13780;BINGHAMTON, NY                                                                                                                  ;63860;66900;;;
13820;BIRMINGHAM-HOOVER, AL                                                                                                           ;62204;69400;;;
13900;BISMARCK, ND                                                                                                                    ;82181;95600;;;
13980;BLACKSBURG-CHRISTIANSBURG-RADFORD, VA                                                                                           ;60503;68800;;;
14010;BLOOMINGTON, IL                                                                                                                 ;81357;89000;;;
14020;BLOOMINGTON, IN                                                                                                                 ;61426;73900;;;
14100;BLOOMSBURG-BERWICK, PA                                                                                                          ;59531;65400;;;
14260;BOISE CITY, ID                                                                                                                  ;61722;69600;;;
14454;BOSTON, MA                                                                                                                      ;90699;99300;;;
14500;BOULDER, CO                                                                                                                     ;96926;108600;;;
14540;BOWLING GREEN, KY                                                                                                               ;55109;56800;;;
14740;BREMERTON-SILVERDALE, WA                                                                                                        ;75652;82600;;;
14860;BRIDGEPORT-STAMFORD-NORWALK, CT                                                                                                 ;105628;111200;;;
15180;BROWNSVILLE-HARLINGEN, TX                                                                                                       ;36941;38900;;;
15260;BRUNSWICK, GA                                                                                                                   ;52987;53000;;;
15380;BUFFALO-CHEEKTOWAGA-NIAGARA FALLS, NY                                                                                           ;67108;74700;;;
15500;BURLINGTON, NC                                                                                                                  ;53234;55100;;;
15540;BURLINGTON-SOUTH BURLINGTON, VT                                                                                                 ;82811;93000;;;
15680;CALIFORNIA-LEXINGTON PARK, MD                                                                                                   ;98260;103400;;;
15764;CAMBRIDGE-NEWTON-FRAMINGHAM, MA                                                                                                 ;100380;110300;;;
15804;CAMDEN, NJ                                                                                                                      ;87133;92400;;;
15940;CANTON-MASSILLON, OH                                                                                                            ;59302;64900;;;
15980;CAPE CORAL-FORT MYERS, FL                                                                                                       ;57627;63700;;;
16020;CAPE GIRARDEAU, MO-IL                                                                                                           ;56012;64600;;;
16060;CARBONDALE-MARION, IL                                                                                                           ;56287;61600;;;
16180;CARSON CITY, NV                                                                                                                 ;58947;62000;;;
16220;CASPER, WY                                                                                                                      ;71406;74400;;;
16300;CEDAR RAPIDS, IA                                                                                                                ;75812;80800;;;
16540;CHAMBERSBURG-WAYNESBORO, PA                                                                                                     ;64527;71300;;;
16580;CHAMPAIGN-URBANA, IL                                                                                                            ;70462;79800;;;
16620;CHARLESTON, WV                                                                                                                  ;55786;56500;;;
16700;CHARLESTON-NORTH CHARLESTON, SC                                                                                                 ;65558;74500;;;
16740;CHARLOTTE-CONCORD-GASTONIA, NC-SC                                                                                               ;64993;71300;;;
16820;CHARLOTTESVILLE, VA                                                                                                             ;76610;86200;;;
16860;CHATTANOOGA, TN-GA                                                                                                              ;58694;61700;;;
16940;CHEYENNE, WY                                                                                                                    ;75732;79900;;;
16974;CHICAGO-NAPERVILLE-ARLINGTON HEIGHTS, IL                                                                                        ;75350;82400;;;
17020;CHICO, CA                                                                                                                       ;56914;60500;;;
17140;CINCINNATI, OH-KY-IN                                                                                                            ;70589;77000;;;
17300;CLARKSVILLE, TN-KY                                                                                                              ;53918;55400;;;
17420;CLEVELAND, TN                                                                                                                   ;52007;59100;;;
17460;CLEVELAND-ELYRIA, OH                                                                                                            ;65821;70700;;;
17660;COEUR D'ALENE, ID                                                                                                               ;58966;62900;;;
17780;COLLEGE STATION-BRYAN, TX                                                                                                       ;60756;73900;;;
17820;COLORADO SPRINGS, CO                                                                                                            ;71351;77900;;;
17860;COLUMBIA, MO                                                                                                                    ;72667;76400;;;
17900;COLUMBIA, SC                                                                                                                    ;62665;68800;;;
17980;COLUMBUS, GA-AL                                                                                                                 ;53554;56000;;;
18020;COLUMBUS, IN                                                                                                                    ;66425;71100;;;
18140;COLUMBUS, OH                                                                                                                    ;70454;76000;;;
18580;CORPUS CHRISTI, TX                                                                                                              ;57801;63600;;;
18700;CORVALLIS, OR                                                                                                                   ;76967;84100;;;
18880;CRESTVIEW-FORT WALTON BEACH-DESTIN, FL                                                                                          ;63539;64400;;;
19060;CUMBERLAND, MD-WV                                                                                                               ;53566;55500;;;
19124;DALLAS-PLANO-IRVING, TX                                                                                                         ;71149;77200;;;
19140;DALTON, GA                                                                                                                      ;47062;56600;;;
19180;DANVILLE, IL                                                                                                                    ;53880;58300;;;
19300;DAPHNE-FAIRHOPE-FOLEY, AL                                                                                                       ;62271;69400;;;
19340;DAVENPORT-MOLINE-ROCK ISLAND, IA-IL                                                                                             ;66600;72300;;;
19380;DAYTON, OH                                                                                                                      ;61957;65700;;;
19460;DECATUR, AL                                                                                                                     ;54654;58700;;;
19500;DECATUR, IL                                                                                                                     ;60745;66700;;;
19660;DELTONA-DAYTONA BEACH-ORMOND BEACH, FL                                                                                          ;52220;55700;;;
19740;DENVER-AURORA-LAKEWOOD, CO                                                                                                      ;80820;89900;;;
19780;DES MOINES-WEST DES MOINES, IA                                                                                                  ;76385;79600;;;
19804;DETROIT-DEARBORN-LIVONIA, MI                                                                                                    ;52733;55500;;;
20020;DOTHAN, AL                                                                                                                      ;51581;53800;;;
20100;DOVER, DE                                                                                                                       ;64252;70400;;;
20220;DUBUQUE, IA                                                                                                                     ;68157;75100;;;
20260;DULUTH, MN-WI                                                                                                                   ;64345;71400;;;
20500;DURHAM-CHAPEL HILL, NC                                                                                                          ;69840;78700;;;
20524;DUTCHESS COUNTY-PUTNAM COUNTY, NY                                                                                               ;94443;97400;;;
20700;EAST STROUDSBURG, PA                                                                                                            ;66783;74100;;;
20740;EAU CLAIRE, WI                                                                                                                  ;66688;72000;;;
20940;EL CENTRO, CA                                                                                                                   ;45815;48200;;;
20994;ELGIN, IL                                                                                                                       ;79687;86100;;;
21060;ELIZABETHTOWN-FORT KNOX, KY                                                                                                     ;59273;61300;;;
21140;ELKHART-GOSHEN, IN                                                                                                              ;55551;61100;;;
21300;ELMIRA, NY                                                                                                                      ;65135;71000;;;
21340;EL PASO, TX                                                                                                                     ;46033;51700;;;
21420;ENID, OK                                                                                                                        ;57419;60500;;;
21500;ERIE, PA                                                                                                                        ;58746;63700;;;
21660;EUGENE, OR                                                                                                                      ;57766;64100;;;
21780;EVANSVILLE, IN-KY                                                                                                               ;61595;65100;;;
21820;FAIRBANKS, AK                                                                                                                   ;82310;93000;;;
22020;FARGO, ND-MN                                                                                                                    ;75010;82000;;;
22140;FARMINGTON, NM                                                                                                                  ;58777;60100;;;
22180;FAYETTEVILLE, NC                                                                                                                ;51775;52800;;;
22220;FAYETTEVILLE-SPRINGDALE-ROGERS, AR-MO                                                                                           ;60032;64500;;;
22380;FLAGSTAFF, AZ                                                                                                                   ;61083;75100;;;
22420;FLINT, MI                                                                                                                       ;53333;57900;;;
22500;FLORENCE, SC                                                                                                                    ;50944;53800;;;
22520;FLORENCE-MUSCLE SHOALS, AL                                                                                                      ;54339;57500;;;
22540;FOND DU LAC, WI                                                                                                                 ;67472;75600;;;
22660;FORT COLLINS, CO                                                                                                                ;76886;85100;;;
22744;FORT LAUDERDALE-POMPANO BEACH-DEERFIELD BEACH, FL                                                                               ;61809;65700;;;
22900;FORT SMITH, AR-OK                                                                                                               ;48075;52400;;;
23060;FORT WAYNE, IN                                                                                                                  ;60884;65600;;;
23104;FORT WORTH-ARLINGTON, TX                                                                                                        ;69817;75000;;;
23420;FRESNO, CA                                                                                                                      ;49999;55500;;;
23460;GADSDEN, AL                                                                                                                     ;51104;54100;;;
23540;GAINESVILLE, FL                                                                                                                 ;63628;71300;;;
23580;GAINESVILLE, GA                                                                                                                 ;58558;64200;;;
23844;GARY, IN                                                                                                                        ;64075;69400;;;
23900;GETTYSBURG, PA                                                                                                                  ;70344;74900;;;
24020;GLENS FALLS, NY                                                                                                                 ;64495;72500;;;
24140;GOLDSBORO, NC                                                                                                                   ;50552;57100;;;
24220;GRAND FORKS, ND-MN                                                                                                              ;70827;78100;;;
24260;GRAND ISLAND, NE                                                                                                                ;58820;68000;;;
24300;GRAND JUNCTION, CO                                                                                                              ;60676;63900;;;
24340;GRAND RAPIDS-WYOMING, MI                                                                                                        ;65342;70300;;;
24420;GRANTS PASS, OR                                                                                                                 ;46452;53600;;;
24500;GREAT FALLS, MT                                                                                                                 ;58102;62800;;;
24540;GREELEY, CO                                                                                                                     ;70457;82400;;;
24580;GREEN BAY, WI                                                                                                                   ;67666;75600;;;
24660;GREENSBORO-HIGH POINT, NC                                                                                                       ;55218;59800;;;
24780;GREENVILLE, NC                                                                                                                  ;56239;61400;;;
24860;GREENVILLE-ANDERSON-MAULDIN, SC                                                                                                 ;58097;64200;;;
25020;GUAYAMA, PR                                                                                                                     ;17448;20200;;;
25060;GULFPORT-BILOXI-PASCAGOULA, MS                                                                                                  ;52846;55100;;;
25180;HAGERSTOWN-MARTINSBURG, MD-WV                                                                                                   ;65716;70200;;;
25220;HAMMOND, LA                                                                                                                     ;52864;63300;;;
25260;HANFORD-CORCORAN, CA                                                                                                            ;49735;55400;;;
25420;HARRISBURG-CARLISLE, PA                                                                                                         ;71723;75200;;;
25500;HARRISONBURG, VA                                                                                                                ;60539;62500;;;
25540;HARTFORD-WEST HARTFORD-EAST HARTFORD, CT                                                                                        ;88016;96700;;;
25620;HATTIESBURG, MS                                                                                                                 ;53263;58200;;;
25860;HICKORY-LENOIR-MORGANTON, NC                                                                                                    ;51281;55000;;;
25940;HILTON HEAD ISLAND-BLUFFTON-BEAUFORT, SC                                                                                        ;63345;70600;;;
25980;HINESVILLE, GA                                                                                                                  ;47693;42400;;;
26140;HOMOSASSA SPRINGS, FL                                                                                                           ;47829;52400;;;
26300;HOT SPRINGS, AR                                                                                                                 ;49707;52700;;;
26380;HOUMA-THIBODAUX, LA                                                                                                             ;58164;61600;;;
26420;HOUSTON-THE WOODLANDS-SUGAR LAND, TX                                                                                            ;69373;75600;;;
26580;HUNTINGTON-ASHLAND, WV-KY-OH                                                                                                    ;55040;56900;;;
26620;HUNTSVILLE, AL                                                                                                                  ;72576;78700;;;
26820;IDAHO FALLS, ID                                                                                                                 ;57604;62100;;;
26900;INDIANAPOLIS-CARMEL-ANDERSON, IN                                                                                                ;66803;75100;;;
26980;IOWA CITY, IA                                                                                                                   ;81027;85400;;;
27060;ITHACA, NY                                                                                                                      ;74524;89000;;;
27100;JACKSON, MI                                                                                                                     ;58432;62400;;;
27140;JACKSON, MS                                                                                                                     ;56700;60700;;;
27180;JACKSON, TN                                                                                                                     ;53433;57700;;;
27260;JACKSONVILLE, FL                                                                                                                ;64042;69900;;;
27340;JACKSONVILLE, NC                                                                                                                ;51012;53000;;;
27500;JANESVILLE-BELOIT, WI                                                                                                           ;60820;66900;;;
27620;JEFFERSON CITY, MO                                                                                                              ;62292;74500;;;
27740;JOHNSON CITY, TN                                                                                                                ;50296;54100;;;
27780;JOHNSTOWN, PA                                                                                                                   ;55933;64200;;;
27860;JONESBORO, AR                                                                                                                   ;49928;53100;;;
27900;JOPLIN, MO                                                                                                                      ;51752;56700;;;
27980;KAHULUI-WAILUKU-LAHAINA, HI                                                                                                     ;76193;81400;;;
28020;KALAMAZOO-PORTAGE, MI                                                                                                           ;61149;70300;;;
28100;KANKAKEE, IL                                                                                                                    ;63716;67900;;;
28140;KANSAS CITY, MO-KS                                                                                                              ;72623;79900;;;
28420;KENNEWICK-RICHLAND, WA                                                                                                          ;66500;72800;;;
28660;KILLEEN-TEMPLE, TX                                                                                                              ;58001;59900;;;
28700;KINGSPORT-BRISTOL-BRISTOL, TN-VA                                                                                                ;51210;54800;;;
28740;KINGSTON, NY                                                                                                                    ;74546;79200;;;
28940;KNOXVILLE, TN                                                                                                                   ;59210;64100;;;
29020;KOKOMO, IN                                                                                                                      ;59111;64100;;;
29100;LA CROSSE-ONALASKA, WI-MN                                                                                                       ;68531;72400;;;
29180;LAFAYETTE, LA                                                                                                                   ;59988;64800;;;
29200;LAFAYETTE-WEST LAFAYETTE, IN                                                                                                    ;62506;69800;;;
29340;LAKE CHARLES, LA                                                                                                                ;57618;60000;;;
29404;LAKE COUNTY-KENOSHA COUNTY, IL-WI                                                                                               ;87137;96500;;;
29420;LAKE HAVASU CITY-KINGMAN, AZ                                                                                                    ;46268;49600;;;
29460;LAKELAND-WINTER HAVEN, FL                                                                                                       ;50986;53600;;;
29540;LANCASTER, PA                                                                                                                   ;68937;73800;;;
29620;LANSING-EAST LANSING, MI                                                                                                        ;66143;73900;;;
29700;LAREDO, TX                                                                                                                      ;41922;44200;;;
29740;LAS CRUCES, NM                                                                                                                  ;45044;44700;;;
29820;LAS VEGAS-HENDERSON-PARADISE, NV                                                                                                ;59993;64800;;;
29940;LAWRENCE, KS                                                                                                                    ;72755;87400;;;
30020;LAWTON, OK                                                                                                                      ;57051;61200;;;
30140;LEBANON, PA                                                                                                                     ;65676;70100;;;
30300;LEWISTON, ID-WA                                                                                                                 ;58484;69200;;;
30340;LEWISTON-AUBURN, ME                                                                                                             ;60363;63900;;;
30460;LEXINGTON-FAYETTE, KY                                                                                                           ;66800;70100;;;
30620;LIMA, OH                                                                                                                        ;56195;62700;;;
30700;LINCOLN, NE                                                                                                                     ;70200;78600;;;
30780;LITTLE ROCK-NORTH LITTLE ROCK-CONWAY, AR                                                                                        ;61339;65900;;;
30860;LOGAN, UT-ID                                                                                                                    ;59129;64600;;;
30980;LONGVIEW, TX                                                                                                                    ;56689;60000;;;
31020;LONGVIEW, WA                                                                                                                    ;57938;63600;;;
31084;LOS ANGELES-LONG BEACH-GLENDALE, CA                                                                                             ;62703;69300;;;
31140;LOUISVILLE/JEFFERSON COUNTY, KY-IN                                                                                              ;64777;70400;;;
31180;LUBBOCK, TX                                                                                                                     ;57914;62800;;;
31340;LYNCHBURG, VA                                                                                                                   ;60256;63600;;;
31420;MACON-BIBB COUNTY, GA                                                                                                           ;51727;54400;;;
31460;MADERA, CA                                                                                                                      ;49272;55200;;;
31540;MADISON, WI                                                                                                                     ;81321;88600;;;
31700;MANCHESTER-NASHUA, NH                                                                                                           ;85966;94100;;;
31740;MANHATTAN, KS                                                                                                                   ;67332;72200;;;
31860;MANKATO-NORTH MANKATO, MN                                                                                                       ;71814;75000;;;
31900;MANSFIELD, OH                                                                                                                   ;54044;60200;;;
32420;MAYAGÜEZ, PR                                                                                                                    ;21434;19300;;;
32580;MCALLEN-EDINBURG-MISSION, TX                                                                                                    ;37529;40300;;;
32780;MEDFORD, OR                                                                                                                     ;53441;58900;;;
32820;MEMPHIS, TN-MS-AR                                                                                                               ;58186;63400;;;
32900;MERCED, CA                                                                                                                      ;46793;48200;;;
33124;MIAMI-MIAMI BEACH-KENDALL, FL                                                                                                   ;49264;52300;;;
33140;MICHIGAN CITY-LA PORTE, IN                                                                                                      ;58424;60400;;;
33220;MIDLAND, MI                                                                                                                     ;67138;73400;;;
33260;MIDLAND, TX                                                                                                                     ;82297;100700;;;
33340;MILWAUKEE-WAUKESHA-WEST ALLIS, WI                                                                                               ;71764;77300;;;
33460;MINNEAPOLIS-ST. PAUL-BLOOMINGTON, MN-WI                                                                                         ;85636;93600;;;
33540;MISSOULA, MT                                                                                                                    ;65463;70400;;;
33660;MOBILE, AL                                                                                                                      ;54215;59800;;;
33700;MODESTO, CA                                                                                                                     ;55611;60700;;;
33740;MONROE, LA                                                                                                                      ;50145;52200;;;
33780;MONROE, MI                                                                                                                      ;67811;75100;;;
33860;MONTGOMERY, AL                                                                                                                  ;59161;62900;;;
33874;MONTGOMERY COUNTY-BUCKS COUNTY-CHESTER COUNTY, PA                                                                               ;99939;107900;;;
34060;MORGANTOWN, WV                                                                                                                  ;63745;72800;;;
34100;MORRISTOWN, TN                                                                                                                  ;49373;50900;;;
34580;MOUNT VERNON-ANACORTES, WA                                                                                                      ;65272;69100;;;
34620;MUNCIE, IN                                                                                                                      ;51935;58200;;;
34740;MUSKEGON, MI                                                                                                                    ;52263;59300;;;
34820;MYRTLE BEACH-CONWAY-NORTH MYRTLE BEACH, SC-NC                                                                                   ;53695;61700;;;
34900;NAPA, CA                                                                                                                        ;80921;88500;;;
34940;NAPLES-IMMOKALEE-MARCO ISLAND, FL                                                                                               ;66264;75000;;;
34980;NASHVILLE-DAVIDSON--MURFREESBORO--FRANKLIN, TN                                                                                  ;66404;73200;;;
35004;NASSAU COUNTY-SUFFOLK COUNTY, NY                                                                                                ;108193;116700;;;
35084;NEWARK, NJ-PA                                                                                                                   ;95579;100700;;;
35100;NEW BERN, NC                                                                                                                    ;55158;59000;;;
35300;NEW HAVEN-MILFORD, CT                                                                                                           ;80739;86200;;;
35380;NEW ORLEANS-METAIRIE, LA                                                                                                        ;61124;65700;;;
35614;NEW YORK-JERSEY CITY-WHITE PLAINS, NY-NJ                                                                                        ;72047;78000;;;
35660;NILES-BENTON HARBOR, MI                                                                                                         ;57640;60800;;;
35840;NORTH PORT-SARASOTA-BRADENTON, FL                                                                                               ;62814;70300;;;
35980;NORWICH-NEW LONDON, CT                                                                                                          ;82349;86500;;;
36084;OAKLAND-HAYWARD-BERKELEY, CA                                                                                                    ;93822;104400;;;
36100;OCALA, FL                                                                                                                       ;48128;53400;;;
36140;OCEAN CITY, NJ                                                                                                                  ;74509;78700;;;
36220;ODESSA, TX                                                                                                                      ;64450;75300;;;
36260;OGDEN-CLEARFIELD, UT                                                                                                            ;71742;76800;;;
36420;OKLAHOMA CITY, OK                                                                                                               ;64058;69300;;;
36500;OLYMPIA-TUMWATER, WA                                                                                                            ;74420;77700;;;
36540;OMAHA-COUNCIL BLUFFS, NE-IA                                                                                                     ;73632;81300;;;
36740;ORLANDO-KISSIMMEE-SANFORD, FL                                                                                                   ;57304;62900;;;
36780;OSHKOSH-NEENAH, WI                                                                                                              ;67477;71100;;;
36980;OWENSBORO, KY                                                                                                                   ;58106;62300;;;
37100;OXNARD-THOUSAND OAKS-VENTURA, CA                                                                                                ;86766;96000;;;
37340;PALM BAY-MELBOURNE-TITUSVILLE, FL                                                                                               ;60408;64800;;;
37460;PANAMA CITY, FL                                                                                                                 ;56988;62300;;;
37620;PARKERSBURG-VIENNA, WV                                                                                                          ;51552;53500;;;
37860;PENSACOLA-FERRY PASS-BRENT, FL                                                                                                  ;60705;65200;;;
37900;PEORIA, IL                                                                                                                      ;69329;76200;;;
37964;PHILADELPHIA, PA                                                                                                                ;56411;61700;;;
38060;PHOENIX-MESA-SCOTTSDALE, AZ                                                                                                     ;63686;69100;;;
38220;PINE BLUFF, AR                                                                                                                  ;47667;47900;;;
38300;PITTSBURGH, PA                                                                                                                  ;69624;75500;;;
38340;PITTSFIELD, MA                                                                                                                  ;66604;68800;;;
38540;POCATELLO, ID                                                                                                                   ;57327;57300;;;
38660;PONCE, PR                                                                                                                       ;19046;19500;;;
38860;PORTLAND-SOUTH PORTLAND, ME                                                                                                     ;74701;81700;;;
38900;PORTLAND-VANCOUVER-HILLSBORO, OR-WA                                                                                             ;73089;81400;;;
38940;PORT ST. LUCIE, FL                                                                                                              ;56570;60500;;;
39140;PRESCOTT, AZ                                                                                                                    ;54475;61000;;;
39300;PROVIDENCE-WARWICK, RI-MA                                                                                                       ;73950;80600;;;
39340;PROVO-OREM, UT                                                                                                                  ;67248;74700;;;
39380;PUEBLO, CO                                                                                                                      ;51986;55300;;;
39460;PUNTA GORDA, FL                                                                                                                 ;54478;58300;;;
39540;RACINE, WI                                                                                                                      ;68728;78300;;;
39580;RALEIGH, NC                                                                                                                     ;78057;84300;;;
39660;RAPID CITY, SD                                                                                                                  ;63776;71900;;;
39740;READING, PA                                                                                                                     ;67696;71900;;;
39820;REDDING, CA                                                                                                                     ;55749;61400;;;
39900;RENO, NV                                                                                                                        ;65722;73500;;;
40060;RICHMOND, VA                                                                                                                    ;75126;83200;;;
40140;RIVERSIDE-SAN BERNARDINO-ONTARIO, CA                                                                                            ;61507;65800;;;
40220;ROANOKE, VA                                                                                                                     ;61791;65300;;;
40340;ROCHESTER, MN                                                                                                                   ;81036;86200;;;
40380;ROCHESTER, NY                                                                                                                   ;67757;74000;;;
40420;ROCKFORD, IL                                                                                                                    ;60048;66200;;;
40484;ROCKINGHAM COUNTY-STRAFFORD COUNTY, NH                                                                                          ;90150;101300;;;
40580;ROCKY MOUNT, NC                                                                                                                 ;48812;53000;;;
40660;ROME, GA                                                                                                                        ;51379;54400;;;
40900;SACRAMENTO--ROSEVILLE--ARDEN-ARCADE, CA                                                                                         ;71829;80400;;;
40980;SAGINAW, MI                                                                                                                     ;54210;56500;;;
41060;ST. CLOUD, MN                                                                                                                   ;69359;70600;;;
41100;ST. GEORGE, UT                                                                                                                  ;58145;64600;;;
41140;ST. JOSEPH, MO-KS                                                                                                               ;59820;64300;;;
41180;ST. LOUIS, MO-IL                                                                                                                ;70718;76600;;;
41420;SALEM, OR                                                                                                                       ;58033;67300;;;
41500;SALINAS, CA                                                                                                                     ;62441;69100;;;
41540;SALISBURY, MD-DE                                                                                                                ;63091;69200;;;
41620;SALT LAKE CITY, UT                                                                                                              ;71849;79700;;;
41660;SAN ANGELO, TX                                                                                                                  ;59830;64800;;;
41700;SAN ANTONIO-NEW BRAUNFELS, TX                                                                                                   ;62228;67400;;;
41740;SAN DIEGO-CARLSBAD, CA                                                                                                          ;75179;81800;;;
41884;SAN FRANCISCO-REDWOOD CITY-SOUTH SAN FRANCISCO, CA                                                                              ;103742;116400;;;
41900;SAN GERMÁN, PR                                                                                                                  ;19414;19200;;;
41940;SAN JOSE-SUNNYVALE-SANTA CLARA, CA                                                                                              ;107126;123400;;;
41980;SAN JUAN-CAROLINA-CAGUAS, PR                                                                                                    ;25617;26300;;;
42020;SAN LUIS OBISPO-PASO ROBLES-ARROYO GRANDE, CA                                                                                   ;76771;80600;;;
42034;SAN RAFAEL, CA                                                                                                                  ;121130;134800;;;
42100;SANTA CRUZ-WATSONVILLE, CA                                                                                                      ;81912;81400;;;
42140;SANTA FE, NM                                                                                                                    ;64734;72000;;;
42200;SANTA MARIA-SANTA BARBARA, CA                                                                                                   ;74824;79600;;;
42220;SANTA ROSA, CA                                                                                                                  ;77587;84100;;;
42340;SAVANNAH, GA                                                                                                                    ;61754;65200;;;
42540;SCRANTON--WILKES-BARRE--HAZLETON, PA                                                                                            ;59887;66700;;;
42644;SEATTLE-BELLEVUE-EVERETT, WA                                                                                                    ;92317;103400;;;
42680;SEBASTIAN-VERO BEACH, FL                                                                                                        ;58448;64600;;;
42700;SEBRING, FL                                                                                                                     ;42321;43800;;;
43100;SHEBOYGAN, WI                                                                                                                   ;66599;74700;;;
43300;SHERMAN-DENISON, TX                                                                                                             ;60873;65200;;;
43340;SHREVEPORT-BOSSIER CITY, LA                                                                                                     ;56158;59900;;;
43420;SIERRA VISTA-DOUGLAS, AZ                                                                                                        ;55471;58400;;;
43524;SILVER SPRING-FREDERICK-ROCKVILLE, MD                                                                                           ;112655;118700;;;
43580;SIOUX CITY, IA-NE-SD                                                                                                            ;60974;66800;;;
43620;SIOUX FALLS, SD                                                                                                                 ;72948;78700;;;
43780;SOUTH BEND-MISHAWAKA, IN-MI                                                                                                     ;57692;63400;;;
43900;SPARTANBURG, SC                                                                                                                 ;52792;59700;;;
44060;SPOKANE-SPOKANE VALLEY, WA                                                                                                      ;61864;64000;;;
44100;SPRINGFIELD, IL                                                                                                                 ;73402;78500;;;
44140;SPRINGFIELD, MA                                                                                                                 ;67381;73900;;;
44180;SPRINGFIELD, MO                                                                                                                 ;54948;59500;;;
44220;SPRINGFIELD, OH                                                                                                                 ;55198;65300;;;
44300;STATE COLLEGE, PA                                                                                                               ;74118;82400;;;
44420;STAUNTON-WAYNESBORO, VA                                                                                                         ;60603;64300;;;
44700;STOCKTON-LODI, CA                                                                                                               ;59946;63700;;;
44940;SUMTER, SC                                                                                                                      ;49962;49800;;;
45060;SYRACUSE, NY                                                                                                                    ;68468;74100;;;
45104;TACOMA-LAKEWOOD, WA                                                                                                             ;71304;74600;;;
45220;TALLAHASSEE, FL                                                                                                                 ;64055;65600;;;
45300;TAMPA-ST. PETERSBURG-CLEARWATER, FL                                                                                             ;58916;63900;;;
45460;TERRE HAUTE, IN                                                                                                                 ;53828;58300;;;
45500;TEXARKANA, TX-AR                                                                                                                ;51151;52500;;;
45540;THE VILLAGES, FL                                                                                                                ;60099;68200;;;
45780;TOLEDO, OH                                                                                                                      ;60528;67200;;;
45820;TOPEKA, KS                                                                                                                      ;64984;68600;;;
45940;TRENTON, NJ                                                                                                                     ;94908;98900;;;
46060;TUCSON, AZ                                                                                                                      ;57457;60600;;;
46140;TULSA, OK                                                                                                                       ;61182;65800;;;
46220;TUSCALOOSA, AL                                                                                                                  ;56265;60800;;;
46300;TWIN FALLS, ID                                                                                                                  ;51434;54200;;;
46340;TYLER, TX                                                                                                                       ;57823;64000;;;
46520;URBAN HONOLULU, HI                                                                                                              ;86366;96000;;;
46540;UTICA-ROME, NY                                                                                                                  ;61239;65000;;;
46660;VALDOSTA, GA                                                                                                                    ;47592;49500;;;
46700;VALLEJO-FAIRFIELD, CA                                                                                                           ;77061;83700;;;
47020;VICTORIA, TX                                                                                                                    ;60302;69600;;;
47220;VINELAND-BRIDGETON, NJ                                                                                                          ;57550;62400;;;
47260;VIRGINIA BEACH-NORFOLK-NEWPORT NEWS, VA-NC                                                                                      ;70501;74800;;;
47300;VISALIA-PORTERVILLE, CA                                                                                                         ;44814;49200;;;
47380;WACO, TX                                                                                                                        ;54026;59100;;;
47460;WALLA WALLA, WA                                                                                                                 ;61619;67100;;;
47580;WARNER ROBINS, GA                                                                                                               ;61022;64400;;;
47664;WARREN-TROY-FARMINGTON HILLS, MI                                                                                                ;76739;83200;;;
47894;WASHINGTON-ARLINGTON-ALEXANDRIA, DC-VA-MD-WV                                                                                    ;106762;114900;;;
47940;WATERLOO-CEDAR FALLS, IA                                                                                                        ;65749;71500;;;
48060;WATERTOWN-FORT DRUM, NY                                                                                                         ;57300;62100;;;
48140;WAUSAU, WI                                                                                                                      ;66112;72700;;;
48260;WEIRTON-STEUBENVILLE, WV-OH                                                                                                     ;52770;61500;;;
48300;WENATCHEE, WA                                                                                                                   ;60276;67100;;;
48424;WEST PALM BEACH-BOCA RATON-DELRAY BEACH, FL                                                                                     ;65914;74300;;;
48540;WHEELING, WV-OH                                                                                                                 ;56853;65700;;;
48620;WICHITA, KS                                                                                                                     ;64897;69500;;;
48660;WICHITA FALLS, TX                                                                                                               ;57690;62900;;;
48700;WILLIAMSPORT, PA                                                                                                                ;60191;66700;;;
48864;WILMINGTON, DE-MD-NJ                                                                                                            ;80707;87900;;;
48900;WILMINGTON, NC                                                                                                                  ;64357;72600;;;
49020;WINCHESTER, VA-WV                                                                                                               ;69817;71100;;;
49180;WINSTON-SALEM, NC                                                                                                               ;56536;62000;;;
49340;WORCESTER, MA-CT                                                                                                                ;81137;86900;;;
49420;YAKIMA, WA                                                                                                                      ;49907;54700;;;
49620;YORK-HANOVER, PA                                                                                                                ;69846;74300;;;
49660;YOUNGSTOWN-WARREN-BOARDMAN, OH-PA                                                                                               ;55174;61000;;;
49700;YUBA CITY, CA                                                                                                                   ;54931;60000;;;
49740;YUMA, AZ                                                                                                                        ;44088;47000;;;
99999;nonmetro portion of ALABAMA                                           ;45334;48500;;;
99999;nonmetro portion of ALASKA                                            ;76010;81200;;;
99999;nonmetro portion of ARIZONA                                           ;44368;45000;;;
99999;nonmetro portion of ARKANSAS                                          ;45060;48200;;;
99999;nonmetro portion of CALIFORNIA                                        ;56948;59700;;;
99999;nonmetro portion of COLORADO                                          ;60701;67300;;;
99999;nonmetro portion of CONNECTICUT                                       ;89735;96800;;;
99999;nonmetro portion of FLORIDA                                           ;46600;52100;;;
99999;nonmetro portion of GEORGIA                                           ;45816;48900;;;
99999;nonmetro portion of HAWAII                                            ;64822;78500;;;
99999;nonmetro portion of IDAHO                                             ;52759;55600;;;
99999;nonmetro portion of ILLINOIS                                          ;59121;63900;;;
99999;nonmetro portion of INDIANA                                           ;55741;61000;;;
99999;nonmetro portion of IOWA                                              ;61934;67800;;;
99999;nonmetro portion of KANSAS                                            ;56877;61100;;;
99999;nonmetro portion of KENTUCKY                                          ;45920;49400;;;
99999;nonmetro portion of LOUISIANA                                         ;46845;49500;;;
99999;nonmetro portion of MAINE                                             ;54862;60200;;;
99999;nonmetro portion of MARYLAND                                          ;63535;71300;;;
99999;nonmetro portion of MASSACHUSETTS                                     ;73868;80700;;;
99999;nonmetro portion of MICHIGAN                                          ;53542;58700;;;
99999;nonmetro portion of MINNESOTA                                         ;63182;69500;;;
99999;nonmetro portion of MISSISSIPPI                                       ;43702;47000;;;
99999;nonmetro portion of MISSOURI                                          ;48553;53100;;;
99999;nonmetro portion of MONTANA                                           ;59958;66700;;;
99999;nonmetro portion of NEBRASKA                                          ;61382;68000;;;
99999;nonmetro portion of NEVADA                                            ;61350;71200;;;
99999;nonmetro portion of NEW HAMPSHIRE                                     ;71699;80600;;;
99999;nonmetro portion of NEW MEXICO                                        ;49356;53700;;;
99999;nonmetro portion of NEW YORK                                          ;59570;64300;;;
99999;nonmetro portion of NORTH CAROLINA                                    ;47794;52300;;;
99999;nonmetro portion of NORTH DAKOTA                                      ;72620;82900;;;
99999;nonmetro portion of OHIO                                              ;56217;61400;;;
99999;nonmetro portion of OKLAHOMA                                          ;51698;54500;;;
99999;nonmetro portion of OREGON                                            ;51555;54700;;;
99999;nonmetro portion of PENNSYLVANIA                                      ;56172;60500;;;
99999;nonmetro portion of SOUTH CAROLINA                                    ;44547;48300;;;
99999;nonmetro portion of SOUTH DAKOTA                                      ;60961;66600;;;
99999;nonmetro portion of TENNESSEE                                         ;46254;50100;;;
99999;nonmetro portion of TEXAS                                             ;52076;56500;;;
99999;nonmetro portion of UTAH                                              ;64772;71100;;;
99999;nonmetro portion of VERMONT                                           ;64849;71900;;;
99999;nonmetro portion of VIRGINIA                                          ;51375;55900;;;
99999;nonmetro portion of WASHINGTON                                        ;58513;65000;;;
99999;nonmetro portion of WEST VIRGINIA                                     ;48507;52200;;;
99999;nonmetro portion of WISCONSIN                                         ;60911;67800;;;
99999;nonmetro portion of WYOMING                                           ;72833;80400;;;
99999;nonmetro portion of AMERICAN SAMOA                                    ;24706;29100;;;
99999;nonmetro portion of GUAM                                              ;50607;59600;;;
99999;nonmetro portion of NORTHERN MARIANA ISLANDS                          ;22455;26400;;;
99999;nonmetro portion of PUERTO RICO                                       ;18605;21500;;;
99999;nonmetro portion of VIRGIN ISLANDS                                    ;45058;53100;;;
